Date,Country,City,Specie,count,min,max,median,variance
31-12-2018,IN,Kolkata,no2,94,2.6,101.7,31.1,6848.37
01-01-2019,IN,Kolkata,no2,96,4.7,95.7,41.7,5934.25
02-01-2019,IN,Kolkata,no2,95,7.7,91.3,43.3,5038.25
03-01-2019,IN,Kolkata,no2,96,5.7,105.8,53.5,8574.75
04-01-2019,IN,Kolkata,no2,93,0.6,114.1,56,8522.48
05-01-2019,IN,Kolkata,no2,95,5.5,120.2,43.9,8248.65
06-01-2019,IN,Kolkata,no2,96,7.1,108.9,38.7,7137.29
07-01-2019,IN,Kolkata,no2,91,8.1,104.1,44.3,6929.86
08-01-2019,IN,Kolkata,no2,96,0.9,103.6,31.1,5126.07
09-01-2019,IN,Kolkata,no2,93,3.2,93.4,26.9,4719.71
10-01-2019,IN,Kolkata,no2,96,3.6,100.4,31.6,5038.61
11-01-2019,IN,Kolkata,no2,95,6.4,102.7,30.1,5225.34
12-01-2019,IN,Kolkata,no2,96,0.6,97.1,30.4,5494.55
13-01-2019,IN,Kolkata,no2,96,0.1,100.7,29.3,4651.94
14-01-2019,IN,Kolkata,no2,94,3.2,107.1,45.7,6727.33
15-01-2019,IN,Kolkata,no2,94,6.6,97.1,37.4,4874.78
16-01-2019,IN,Kolkata,no2,94,1.2,102.6,30.1,6262.4
17-01-2019,IN,Kolkata,no2,92,0.4,106.5,34,7418.94
18-01-2019,IN,Kolkata,no2,94,0.1,111.6,36.8,7615.73
19-01-2019,IN,Kolkata,no2,92,0.1,104.3,35.6,8465.82
20-01-2019,IN,Kolkata,no2,92,6.4,102,33,6904.83
21-01-2019,IN,Kolkata,no2,88,1.3,104.1,34.7,7316.57
22-01-2019,IN,Kolkata,no2,88,7,111.3,46.4,9185.37
23-01-2019,IN,Kolkata,no2,91,3.4,105.1,30.8,8617.38
24-01-2019,IN,Kolkata,no2,92,1.8,102.3,40.6,7075.89
25-01-2019,IN,Kolkata,no2,94,8.7,104.3,43.2,5249.93
26-01-2019,IN,Kolkata,no2,96,8.5,76.7,32.1,2761.54
27-01-2019,IN,Kolkata,no2,96,8.2,78.9,34.5,2899.18
28-01-2019,IN,Kolkata,no2,93,7.9,68.1,26.1,2677.34
29-01-2019,IN,Kolkata,no2,96,7.6,84.4,27.5,4172.83
30-01-2019,IN,Kolkata,no2,96,8,90.5,36.4,4327.33
31-01-2019,IN,Kolkata,no2,93,6.6,103.6,41.2,5412.92
01-02-2019,IN,Kolkata,no2,95,8.7,95.7,43.1,4120.17
02-02-2019,IN,Kolkata,no2,94,0.3,103.1,42.7,7588.39
03-02-2019,IN,Kolkata,no2,96,0.5,101.6,39.4,5975.97
04-02-2019,IN,Kolkata,no2,95,5.6,101.8,49.4,6879.29
05-02-2019,IN,Kolkata,no2,96,7.3,102.3,39.3,6471.94
06-02-2019,IN,Kolkata,no2,95,8,103.5,42.7,7820.28
07-02-2019,IN,Kolkata,no2,96,9.5,103.2,50.4,8343.41
08-02-2019,IN,Kolkata,no2,95,8.9,97.4,35.9,4898.42
09-02-2019,IN,Kolkata,no2,96,9.6,55.4,19.6,620.36
10-02-2019,IN,Kolkata,no2,96,7.3,74.5,21.5,1879.35
11-02-2019,IN,Kolkata,no2,93,8.6,96.2,30,3574.27
12-02-2019,IN,Kolkata,no2,96,8.1,101.7,38.9,6002.43
13-02-2019,IN,Kolkata,no2,96,8,103.3,42.5,6816.16
14-02-2019,IN,Kolkata,no2,95,10.7,105.6,55.9,9233.5
15-02-2019,IN,Kolkata,no2,95,9.6,104.2,54,7738.9
16-02-2019,IN,Kolkata,no2,96,13.3,100.9,35.9,5972.03
17-02-2019,IN,Kolkata,no2,96,13,89.4,27.6,3706.58
18-02-2019,IN,Kolkata,no2,95,11.4,102.5,31.7,6512.02
19-02-2019,IN,Kolkata,no2,94,10.2,101.1,39.2,7049.42
20-02-2019,IN,Kolkata,no2,94,8.4,88.1,19.5,4418.65
21-02-2019,IN,Kolkata,no2,96,7.4,100.9,35.2,5619.4
22-02-2019,IN,Kolkata,no2,95,7.8,106.9,24.3,3005.45
23-02-2019,IN,Kolkata,no2,96,6.3,102.4,26.9,5857.4
24-02-2019,IN,Kolkata,no2,96,8.4,100.4,25.6,3119.9
25-02-2019,IN,Kolkata,no2,94,8.5,70,25.8,1954.67
26-02-2019,IN,Kolkata,no2,93,9.6,40.4,20.1,483.58
27-02-2019,IN,Kolkata,no2,96,6.6,51.5,17.3,802.78
28-02-2019,IN,Kolkata,no2,95,7.3,53.1,19,1379.5
01-03-2019,IN,Kolkata,no2,95,7.9,84.6,20.3,3235.03
02-03-2019,IN,Kolkata,no2,94,7,94.9,23.6,4205.19
03-03-2019,IN,Kolkata,no2,96,5.1,102,32.4,7440.31
04-03-2019,IN,Kolkata,no2,95,8.3,101.1,25.1,2109.3
05-03-2019,IN,Kolkata,no2,96,6.4,58.6,17.8,1340.86
06-03-2019,IN,Kolkata,no2,95,1.5,63.2,20,1422.49
07-03-2019,IN,Kolkata,no2,95,9.8,73.5,28.2,2259.48
08-03-2019,IN,Kolkata,no2,85,8.3,105.2,34.7,5713.94
09-03-2019,IN,Kolkata,no2,72,9,102.1,28.5,5381.64
10-03-2019,IN,Kolkata,no2,95,6.8,99.3,14.4,1421.45
11-03-2019,IN,Kolkata,no2,94,7.6,73.2,16.5,1982.28
12-03-2019,IN,Kolkata,no2,95,7.3,51.9,22.2,1216.27
13-03-2019,IN,Kolkata,no2,95,6.5,83.6,15.8,1764.99
14-03-2019,IN,Kolkata,no2,96,6.8,69.5,19.1,1617.19
15-03-2019,IN,Kolkata,no2,93,8.6,85.9,27.7,3029.8
16-03-2019,IN,Kolkata,no2,81,6.6,103.2,25.4,4187.29
17-03-2019,IN,Kolkata,no2,96,8,74.8,18.5,943.23
18-03-2019,IN,Kolkata,no2,96,6.9,101,25.8,4030.71
19-03-2019,IN,Kolkata,no2,96,5.9,82.6,19.6,2008.19
20-03-2019,IN,Kolkata,no2,96,7.6,101,20.4,2741.72
21-03-2019,IN,Kolkata,no2,96,5.4,49.2,10,483.3
22-03-2019,IN,Kolkata,no2,88,5.5,49,11.9,875.79
23-03-2019,IN,Kolkata,no2,72,5.1,107.9,23.6,8258.33
24-03-2019,IN,Kolkata,no2,72,12.1,103.6,32.9,6635.77
25-03-2019,IN,Kolkata,no2,70,12.2,105,38.4,8174.09
26-03-2019,IN,Kolkata,no2,72,8.4,100.9,18.1,1601.15
27-03-2019,IN,Kolkata,no2,71,12.6,83.9,25.2,2552.53
28-03-2019,IN,Kolkata,no2,84,5.5,64.1,16.1,1287.93
29-03-2019,IN,Kolkata,no2,96,7.2,44.3,13.8,370.28
30-03-2019,IN,Kolkata,no2,93,5.9,29.1,12.7,343.6
31-03-2019,IN,Kolkata,no2,92,5.4,25.1,8.7,173.94
01-04-2019,IN,Kolkata,no2,96,4,85.3,9.1,764.63
02-04-2019,IN,Kolkata,no2,96,6,33.7,11.1,364.87
03-04-2019,IN,Kolkata,no2,93,5.4,23.5,9.9,146.42
04-04-2019,IN,Kolkata,no2,94,4.4,19.8,9.3,144.58
05-04-2019,IN,Kolkata,no2,95,4.1,37.3,8.5,372.3
06-04-2019,IN,Kolkata,no2,96,3.9,58.8,14.2,1488.89
07-04-2019,IN,Kolkata,no2,96,5.1,39.4,14.1,462.46
08-04-2019,IN,Kolkata,no2,94,4.2,46.8,14.4,1051.77
09-04-2019,IN,Kolkata,no2,92,3.9,57.3,13.6,1361.98
10-04-2019,IN,Kolkata,no2,95,4.4,50.7,16.3,1184.57
11-04-2019,IN,Kolkata,no2,90,4.4,23.5,9.8,236.5
12-04-2019,IN,Kolkata,no2,82,4.9,31,11.2,307.62
13-04-2019,IN,Kolkata,no2,96,4.8,22.5,11.4,232.2
15-04-2019,IN,Kolkata,no2,95,4.3,37,8.3,331.43
16-04-2019,IN,Kolkata,no2,87,4.2,24.6,8,260.37
17-04-2019,IN,Kolkata,no2,77,3.8,74.2,13.8,2023.5
18-04-2019,IN,Kolkata,no2,96,3.7,97.3,17.2,3848.41
19-04-2019,IN,Kolkata,no2,84,3.9,70.2,18.7,2833.35
20-04-2019,IN,Kolkata,no2,96,3.4,56.9,15.8,1263.87
21-04-2019,IN,Kolkata,no2,96,3.3,54.7,8.3,708.57
22-04-2019,IN,Kolkata,no2,92,1.4,45.8,15.9,1151.51
23-04-2019,IN,Kolkata,no2,96,3.6,50,12.9,929.76
24-04-2019,IN,Kolkata,no2,93,2.4,34.3,13.3,606.15
25-04-2019,IN,Kolkata,no2,96,3.6,29.9,11,371.04
26-04-2019,IN,Kolkata,no2,90,4,37,11.2,393.09
27-04-2019,IN,Kolkata,no2,68,4.6,23.3,10.1,249.3
28-04-2019,IN,Kolkata,no2,89,3.5,17.7,8.3,81.87
29-04-2019,IN,Kolkata,no2,86,0.7,16.1,7.8,82.85
30-04-2019,IN,Kolkata,no2,84,3.5,72.1,9.2,690.78
01-05-2019,IN,Kolkata,no2,72,4.7,20.4,8.3,76.21
02-05-2019,IN,Kolkata,no2,72,5.4,16.8,9.4,95.09
03-05-2019,IN,Kolkata,no2,72,4.5,22.5,9.2,169.06
04-05-2019,IN,Kolkata,no2,71,2.7,62.8,7.1,1741.99
05-05-2019,IN,Kolkata,no2,61,0.1,44.4,12.5,1281.11
06-05-2019,IN,Kolkata,no2,69,0.1,17.1,5.8,203.04
07-05-2019,IN,Kolkata,no2,72,1.8,20.8,7.9,345.26
08-05-2019,IN,Kolkata,no2,72,1.8,32.8,9,735.93
09-05-2019,IN,Kolkata,no2,71,1.8,24.8,8.2,419.02
10-05-2019,IN,Kolkata,no2,72,1.4,22.4,7.1,293.75
11-05-2019,IN,Kolkata,no2,72,1.3,21.1,7,264.01
12-05-2019,IN,Kolkata,no2,72,1.1,15.1,5.5,172.66
13-05-2019,IN,Kolkata,no2,72,1.1,16.9,6.3,156.35
14-05-2019,IN,Kolkata,no2,94,2,31.7,9.7,416.18
15-05-2019,IN,Kolkata,no2,96,1.6,39,10.5,653.96
16-05-2019,IN,Kolkata,no2,96,1.8,30.7,10.6,480.18
17-05-2019,IN,Kolkata,no2,96,1.2,19.4,9.3,244.77
18-05-2019,IN,Kolkata,no2,96,0.8,14.6,7.3,117.28
19-05-2019,IN,Kolkata,no2,96,0.9,20.4,6.5,173.98
20-05-2019,IN,Kolkata,no2,95,0.8,19.4,6.7,230.57
21-05-2019,IN,Kolkata,no2,96,1.5,16,7.6,167.47
22-05-2019,IN,Kolkata,no2,95,1.3,14.8,7.1,151.48
23-05-2019,IN,Kolkata,no2,96,1.3,12.9,5.7,93.45
24-05-2019,IN,Kolkata,no2,96,0.8,29.7,7.3,262.3
25-05-2019,IN,Kolkata,no2,96,1.3,30.8,7.8,314.8
26-05-2019,IN,Kolkata,no2,81,3.2,38.2,9.7,456.19
27-05-2019,IN,Kolkata,no2,72,4.8,17.1,8.9,54.47
28-05-2019,IN,Kolkata,no2,67,4.4,16.4,8.8,53.89
29-05-2019,IN,Kolkata,no2,72,3.8,17,7.1,69.32
30-05-2019,IN,Kolkata,no2,72,4.5,17.1,7.9,48.25
31-05-2019,IN,Kolkata,no2,72,2.8,14.8,7.1,51.23
01-06-2019,IN,Kolkata,no2,72,3.9,22.2,9.8,153.08
02-06-2019,IN,Kolkata,no2,72,4.2,21.9,7.6,106.35
03-06-2019,IN,Kolkata,no2,95,2.7,33.8,8.5,630.18
04-06-2019,IN,Kolkata,no2,96,2.2,19.6,7.6,257.81
05-06-2019,IN,Kolkata,no2,93,1.3,41.8,8.1,683.53
06-06-2019,IN,Kolkata,no2,95,4,26.2,8.6,90.95
07-06-2019,IN,Kolkata,no2,95,2.8,18.9,7.9,100.14
08-06-2019,IN,Kolkata,no2,96,3.9,58,6.8,578.68
09-06-2019,IN,Kolkata,no2,96,4,24,6.6,160.64
10-06-2019,IN,Kolkata,no2,96,3.3,14.9,6.6,52.41
11-06-2019,IN,Kolkata,no2,94,3,13.3,6.5,51.59
12-06-2019,IN,Kolkata,no2,96,2.8,12.6,6.3,45.53
13-06-2019,IN,Kolkata,no2,95,4.9,32.5,12.3,305.02
14-06-2019,IN,Kolkata,no2,90,4.2,23.4,10.1,169.75
15-06-2019,IN,Kolkata,no2,52,5.7,20.6,10.7,136.69
16-06-2019,IN,Kolkata,no2,71,5.5,24,11.7,163.31
17-06-2019,IN,Kolkata,no2,95,3.6,34.3,13.7,507.92
18-06-2019,IN,Kolkata,no2,89,5.2,42.8,11.4,822.85
19-06-2019,IN,Kolkata,no2,72,5.4,33.4,9.9,463.74
20-06-2019,IN,Kolkata,no2,95,4.8,30.6,12.5,411.77
21-06-2019,IN,Kolkata,no2,94,4.4,20.4,9.6,116.88
22-06-2019,IN,Kolkata,no2,96,2.9,19.7,9.1,134.97
23-06-2019,IN,Kolkata,no2,96,2.9,18.8,7,122.07
24-06-2019,IN,Kolkata,no2,96,4.9,27.9,9.6,225.02
25-06-2019,IN,Kolkata,no2,92,4.2,20.8,9.3,133.23
26-06-2019,IN,Kolkata,no2,96,3.5,17.1,9.3,93.5
27-06-2019,IN,Kolkata,no2,96,3.8,35.9,9.8,336.65
28-06-2019,IN,Kolkata,no2,96,6,29,12.5,270.07
29-06-2019,IN,Kolkata,no2,96,5.6,44.3,13.2,718.17
30-06-2019,IN,Kolkata,no2,96,4.5,43.4,16,876.77
01-07-2019,IN,Kolkata,no2,96,4.2,24,10.7,170.62
02-07-2019,IN,Kolkata,no2,96,3.1,20.5,9.3,109.33
03-07-2019,IN,Kolkata,no2,96,5.6,27,11.9,159.91
04-07-2019,IN,Kolkata,no2,94,5.5,30.4,12.4,275.65
05-07-2019,IN,Kolkata,no2,96,4.2,25.3,11.2,219.8
06-07-2019,IN,Kolkata,no2,95,6.9,32.5,14.7,319.54
07-07-2019,IN,Kolkata,no2,96,4.9,23.2,10.6,168.43
08-07-2019,IN,Kolkata,no2,96,4.5,27.5,10.3,280.51
09-07-2019,IN,Kolkata,no2,96,5.2,28.6,11.1,239.11
10-07-2019,IN,Kolkata,no2,96,5.3,43.7,14.5,615.45
11-07-2019,IN,Kolkata,no2,96,4.7,29.6,13.2,426.21
12-07-2019,IN,Kolkata,no2,96,5.4,31,12.6,370.89
13-07-2019,IN,Kolkata,no2,96,4.5,25.8,12.7,286.87
14-07-2019,IN,Kolkata,no2,96,5.2,33.5,11.1,277.68
15-07-2019,IN,Kolkata,no2,95,5.4,43.9,14.8,727.36
16-07-2019,IN,Kolkata,no2,85,6.6,37.8,15.1,561.84
17-07-2019,IN,Kolkata,no2,71,4.9,51.2,11.9,1086.93
18-07-2019,IN,Kolkata,no2,72,4.6,23.5,9.7,190.09
19-07-2019,IN,Kolkata,no2,72,3.6,16.8,7.4,89.52
20-07-2019,IN,Kolkata,no2,72,4.1,23.2,7.6,133.32
21-07-2019,IN,Kolkata,no2,95,3.3,19,9.7,106.49
22-07-2019,IN,Kolkata,no2,96,3.3,15.8,9.8,90.07
23-07-2019,IN,Kolkata,no2,95,4.5,15.9,8.8,85.9
24-07-2019,IN,Kolkata,no2,96,5.2,22.2,10.5,126.47
25-07-2019,IN,Kolkata,no2,96,7.3,48.9,17.2,843.02
26-07-2019,IN,Kolkata,no2,96,6.9,32.5,14,378.36
27-07-2019,IN,Kolkata,no2,96,5.4,38.6,11.8,519.46
28-07-2019,IN,Kolkata,no2,96,3.6,26.4,7.1,117
29-07-2019,IN,Kolkata,no2,96,3,28.2,8.5,239.23
30-07-2019,IN,Kolkata,no2,96,6.5,30.9,14.2,193.03
31-07-2019,IN,Kolkata,no2,95,4.5,43.2,14,499.62
01-08-2019,IN,Kolkata,no2,96,6.8,23.5,11.4,170.24
02-08-2019,IN,Kolkata,no2,86,4.2,25.3,8.3,189.46
03-08-2019,IN,Kolkata,no2,71,4.2,37.9,9,567.78
04-08-2019,IN,Kolkata,no2,95,4.7,35.5,12.2,553.33
05-08-2019,IN,Kolkata,no2,92,5.2,33.1,11.4,248.86
06-08-2019,IN,Kolkata,no2,96,4.7,31.8,11.1,308.82
07-08-2019,IN,Kolkata,no2,96,2,14.9,7.1,55.19
08-08-2019,IN,Kolkata,no2,89,3.7,20.3,9.8,201.76
09-08-2019,IN,Kolkata,no2,81,5.7,27,12.3,193.86
10-08-2019,IN,Kolkata,no2,89,5,51.5,12.3,938.05
11-08-2019,IN,Kolkata,no2,73,5.7,53.7,18.6,1000.49
12-08-2019,IN,Kolkata,no2,87,5.1,65.9,12,457.38
13-08-2019,IN,Kolkata,no2,72,3.2,20.6,10,97.58
14-08-2019,IN,Kolkata,no2,89,3.7,25.9,9.2,248
15-08-2019,IN,Kolkata,no2,89,3.4,23.5,8.8,167.27
16-08-2019,IN,Kolkata,no2,72,4.8,25,9.1,263.85
17-08-2019,IN,Kolkata,no2,72,5.2,21.2,9.9,157.41
18-08-2019,IN,Kolkata,no2,72,5.3,16.5,8.6,64.18
19-08-2019,IN,Kolkata,no2,72,0.4,18.2,8.5,131.53
20-08-2019,IN,Kolkata,no2,83,0.5,49.3,9.8,827.53
21-08-2019,IN,Kolkata,no2,96,1.6,23.6,8.3,319.16
22-08-2019,IN,Kolkata,no2,96,1.7,25.2,8.7,340.73
23-08-2019,IN,Kolkata,no2,95,1.8,22.5,8,308.09
24-08-2019,IN,Kolkata,no2,95,1.8,18.7,10.6,299.56
25-08-2019,IN,Kolkata,no2,84,1.7,17.3,5.3,201.35
26-08-2019,IN,Kolkata,no2,71,1.8,57.2,9.2,763.22
27-08-2019,IN,Kolkata,no2,72,3.2,22.1,7.9,253.33
28-08-2019,IN,Kolkata,no2,71,0.5,25,9,370.36
29-08-2019,IN,Kolkata,no2,72,0.1,23.6,6.4,428.26
30-08-2019,IN,Kolkata,no2,87,0.3,20.5,8.7,283.36
31-08-2019,IN,Kolkata,no2,93,0.4,20.3,7.3,258.58
01-09-2019,IN,Kolkata,no2,76,0.7,15.9,7.6,164.79
02-09-2019,IN,Kolkata,no2,67,0.1,17.9,6.6,269.36
03-09-2019,IN,Kolkata,no2,51,0.3,18,5.1,287.79
04-09-2019,IN,Kolkata,no2,92,1.5,18.6,7,178.32
05-09-2019,IN,Kolkata,no2,92,0.1,19,5.9,233.44
06-09-2019,IN,Kolkata,no2,95,0.1,18.7,5.4,220.07
07-09-2019,IN,Kolkata,no2,93,0.1,20.4,5.6,282.66
08-09-2019,IN,Kolkata,no2,95,0.2,20.2,8,199.17
09-09-2019,IN,Kolkata,no2,95,0.3,19.9,9.2,204.19
10-09-2019,IN,Kolkata,no2,95,0.6,16.4,7.8,125.28
11-09-2019,IN,Kolkata,no2,91,0.1,33.1,8.5,339.06
12-09-2019,IN,Kolkata,no2,92,1.5,22.3,11.8,234.48
13-09-2019,IN,Kolkata,no2,86,2,18,10.7,127.01
14-09-2019,IN,Kolkata,no2,72,4.4,21.5,10.2,198.17
15-09-2019,IN,Kolkata,no2,72,2,20.5,8.8,156.17
16-09-2019,IN,Kolkata,no2,95,3,19.3,9,130.73
17-09-2019,IN,Kolkata,no2,95,1.2,16,6.9,132.3
18-09-2019,IN,Kolkata,no2,78,0.7,16.4,5.7,200.37
19-09-2019,IN,Kolkata,no2,95,0.8,18.1,6.5,170.3
20-09-2019,IN,Kolkata,no2,95,4.6,46.1,11.5,807.9
21-09-2019,IN,Kolkata,no2,95,3.5,38.1,12.5,757.25
22-09-2019,IN,Kolkata,no2,96,1.1,37.7,10.9,654.86
23-09-2019,IN,Kolkata,no2,94,1.7,24.6,7.3,295.44
24-09-2019,IN,Kolkata,no2,87,0.2,17.9,6.7,132.8
25-09-2019,IN,Kolkata,no2,84,0.8,23.5,9.2,358.84
26-09-2019,IN,Kolkata,no2,95,2.4,25.8,11.7,390.62
27-09-2019,IN,Kolkata,no2,96,5.3,35.8,14.6,290.33
28-09-2019,IN,Kolkata,no2,96,4.7,29.1,13.5,284.78
29-09-2019,IN,Kolkata,no2,96,0.9,22.9,10.1,294.32
30-09-2019,IN,Kolkata,no2,85,1.6,28.5,11.5,431.96
30-09-2019,IN,Kolkata,no2,85,1.6,28.5,11.5,431.96
01-10-2019,IN,Kolkata,no2,68,5.2,46.1,10.6,977.72
01-10-2019,IN,Kolkata,no2,68,5.2,46.1,10.6,977.72
02-10-2019,IN,Kolkata,no2,72,4.4,43.9,9.3,862
02-10-2019,IN,Kolkata,no2,72,4.4,43.9,9.3,862
03-10-2019,IN,Kolkata,no2,95,4.6,38.2,14.1,595.51
03-10-2019,IN,Kolkata,no2,95,4.6,38.2,14.1,595.51
04-10-2019,IN,Kolkata,no2,86,4.4,32.5,10.9,369.43
04-10-2019,IN,Kolkata,no2,86,4.4,32.5,10.9,369.43
05-10-2019,IN,Kolkata,no2,95,5,46.4,11.2,1033.01
05-10-2019,IN,Kolkata,no2,95,5,46.4,11.2,1033.01
06-10-2019,IN,Kolkata,no2,76,5,37.4,10.4,754.84
06-10-2019,IN,Kolkata,no2,76,5,37.4,10.4,754.84
07-10-2019,IN,Kolkata,no2,40,5,29.2,6.6,306.26
08-10-2019,IN,Kolkata,no2,71,3.3,23.5,6.4,320.03
09-10-2019,IN,Kolkata,no2,94,4.7,17.6,8.3,126.1
10-10-2019,IN,Kolkata,no2,75,4,32.8,8.2,386.74
11-10-2019,IN,Kolkata,no2,72,4.2,51.8,8.8,1057.19
12-10-2019,IN,Kolkata,no2,81,5.1,49.1,12.1,1207.91
13-10-2019,IN,Kolkata,no2,72,4.6,43.3,8.7,1069.35
14-10-2019,IN,Kolkata,no2,86,5.5,46.2,10.5,1069.6
15-10-2019,IN,Kolkata,no2,72,6.1,50.1,10.9,1619.02
16-10-2019,IN,Kolkata,no2,69,5.9,45.7,12.8,1232.37
17-10-2019,IN,Kolkata,no2,70,6,46.8,17.7,1354.96
18-10-2019,IN,Kolkata,no2,61,6.2,80.3,12.9,2838.24
19-10-2019,IN,Kolkata,no2,48,6.2,51.8,7,2074.6
20-10-2019,IN,Kolkata,no2,48,6.2,53.4,6.9,2121.57
21-10-2019,IN,Kolkata,no2,47,6.3,41.4,7,1191.68
22-10-2019,IN,Kolkata,no2,66,6,59.6,11.6,1847.04
23-10-2019,IN,Kolkata,no2,73,6.5,51.7,11.2,1150.35
24-10-2019,IN,Kolkata,no2,71,5.8,23.1,7.6,222.45
25-10-2019,IN,Kolkata,no2,72,4.6,16.7,8.3,114.53
26-10-2019,IN,Kolkata,no2,94,5.6,28.6,10.3,296.54
27-10-2019,IN,Kolkata,no2,96,5.1,28.5,8.5,476.54
28-10-2019,IN,Kolkata,no2,96,6.1,45.3,8.7,955.84
29-10-2019,IN,Kolkata,no2,95,6.7,41.1,13.4,995.94
30-10-2019,IN,Kolkata,no2,96,6.7,59,13.4,1485.65
31-10-2019,IN,Kolkata,no2,95,6.8,59,18.7,1717.83
01-11-2019,IN,Kolkata,no2,88,6.4,56.9,23.1,1679.77
02-11-2019,IN,Kolkata,no2,88,6.7,48.7,18.8,1309.74
03-11-2019,IN,Kolkata,no2,96,6.7,40.9,12.3,1020.45
04-11-2019,IN,Kolkata,no2,91,6.8,72.2,19.2,2137.78
05-11-2019,IN,Kolkata,no2,85,3.7,73.3,18.4,2447.98
06-11-2019,IN,Kolkata,no2,83,2.8,64.6,19.4,2584.04
07-11-2019,IN,Kolkata,no2,95,4.6,84.6,25.1,2593.05
08-11-2019,IN,Kolkata,no2,88,3.9,51.3,15,739.47
09-11-2019,IN,Kolkata,no2,96,2.7,17.6,8.1,95.43
10-11-2019,IN,Kolkata,no2,96,2.9,28,7.5,294.91
11-11-2019,IN,Kolkata,no2,96,2.4,49.7,10.5,1229.76
12-11-2019,IN,Kolkata,no2,83,3.4,110.6,23.6,3721.32
13-11-2019,IN,Kolkata,no2,94,8.6,70,28.2,1946.14
14-11-2019,IN,Kolkata,no2,93,8.5,63.3,30.2,1865.52
15-11-2019,IN,Kolkata,no2,87,7.7,69.8,24.8,1767.35
16-11-2019,IN,Kolkata,no2,83,7.6,70.6,31.2,2491.01
17-11-2019,IN,Kolkata,no2,96,7.6,62.4,28.2,2130.13
18-11-2019,IN,Kolkata,no2,96,0.7,94.6,31.1,3708.33
19-11-2019,IN,Kolkata,no2,95,6.7,77.9,29.2,3262.07
20-11-2019,IN,Kolkata,no2,96,9.8,93.8,32.4,3639.56
21-11-2019,IN,Kolkata,no2,96,10,71.8,31.1,2566.14
22-11-2019,IN,Kolkata,no2,85,8.5,93.2,36.1,4582.42
23-11-2019,IN,Kolkata,no2,96,9.6,81.4,38,4115.38
24-11-2019,IN,Kolkata,no2,95,11.1,84.8,36.8,3715.77
25-11-2019,IN,Kolkata,no2,74,10.1,91.3,37,5291.68
26-11-2019,IN,Kolkata,no2,73,10.5,94.4,41.8,5313.58
27-11-2019,IN,Kolkata,no2,77,5.1,89,31,3545.04
28-11-2019,IN,Kolkata,no2,95,7.9,84,27.8,2502.45
29-11-2019,IN,Kolkata,no2,96,7.4,101.1,29.1,3581.73
30-11-2019,IN,Kolkata,no2,96,4,79.2,31.3,2772.2
01-12-2019,IN,Kolkata,no2,57,4.8,56.7,27,2442.51
02-12-2019,IN,Kolkata,no2,71,4.9,55.5,24.4,1797.63
03-12-2019,IN,Kolkata,no2,126,7.8,67.5,30.7,1920.74
04-12-2019,IN,Kolkata,no2,156,1.3,75.3,29.2,1804.27
05-12-2019,IN,Kolkata,no2,170,4.7,83,22.6,1668.46
06-12-2019,IN,Kolkata,no2,152,1.1,68.1,24.3,1538.83
07-12-2019,IN,Kolkata,no2,185,0.3,73.6,25.4,2019.87
08-12-2019,IN,Kolkata,no2,191,7.5,75,23.3,1542.94
09-12-2019,IN,Kolkata,no2,188,1.2,49.8,20.5,949.67
10-12-2019,IN,Kolkata,no2,158,10.7,103.6,23.6,1727.58
11-12-2019,IN,Kolkata,no2,181,1.8,50.6,20,981.22
12-12-2019,IN,Kolkata,no2,184,1,50.6,20.9,1235.48
13-12-2019,IN,Kolkata,no2,171,4.3,54,20.2,934.89
14-12-2019,IN,Kolkata,no2,141,7.4,63.8,25.5,1145.74
15-12-2019,IN,Kolkata,no2,143,7.4,39.5,17,419.08
16-12-2019,IN,Kolkata,no2,169,1.3,41.4,19.9,643.49
17-12-2019,IN,Kolkata,no2,158,3.4,42.8,20.8,713.92
18-12-2019,IN,Kolkata,no2,157,1.6,36.7,18.7,365.8
19-12-2019,IN,Kolkata,no2,144,5,54.1,18.7,862.58
20-12-2019,IN,Kolkata,no2,139,7.4,78.3,22.3,2495.03
21-12-2019,IN,Kolkata,no2,144,6.7,84.1,26.7,1214.99
22-12-2019,IN,Kolkata,no2,140,11.5,55.1,21.3,1134.32
23-12-2019,IN,Kolkata,no2,181,2.5,49.2,22.4,790.89
24-12-2019,IN,Kolkata,no2,192,9.8,105.1,23.6,3132.71
25-12-2019,IN,Kolkata,no2,182,12.9,104.5,32,3511.93
26-12-2019,IN,Kolkata,no2,186,0.9,100.8,23.7,1381.73
27-12-2019,IN,Kolkata,no2,190,0.8,46.9,18.3,565.15
28-12-2019,IN,Kolkata,no2,168,8.7,51.8,21.1,797.66
29-12-2019,IN,Kolkata,no2,181,8.8,69.4,22.1,1326.42
30-12-2019,IN,Kolkata,no2,180,0.5,102.2,22.9,2802.95
30-12-2019,IN,Kolkata,no2,180,0.5,102.2,22.9,2802.95
31-12-2019,IN,Kolkata,no2,178,1.6,100.1,27,3390.21
31-12-2019,IN,Kolkata,no2,178,1.6,100.1,27,3390.21
01-01-2020,IN,Kolkata,no2,168,9,71.1,32.2,1871.14
01-01-2020,IN,Kolkata,no2,168,9,71.1,32.2,1871.14
02-01-2020,IN,Kolkata,no2,180,7.3,82.8,25.8,1492.56
02-01-2020,IN,Kolkata,no2,180,7.3,82.8,25.8,1492.56
03-01-2020,IN,Kolkata,no2,191,0.6,52.1,17.7,455.01
03-01-2020,IN,Kolkata,no2,191,0.6,52.1,17.7,455.01
04-01-2020,IN,Kolkata,no2,192,0.3,74.7,19.8,1047.52
04-01-2020,IN,Kolkata,no2,192,0.3,74.7,19.8,1047.52
05-01-2020,IN,Kolkata,no2,192,0.2,76.2,20.8,1173.93
05-01-2020,IN,Kolkata,no2,192,0.2,76.2,20.8,1173.93
06-01-2020,IN,Kolkata,no2,192,0.2,66.6,24.7,1538.25
07-01-2020,IN,Kolkata,no2,192,5.7,60.6,21.6,1043.88
08-01-2020,IN,Kolkata,no2,187,3.7,47.6,22.7,1113.12
09-01-2020,IN,Kolkata,no2,179,3,51.4,27.3,868.42
10-01-2020,IN,Kolkata,no2,192,8,49.9,22.1,819.31
11-01-2020,IN,Kolkata,no2,187,7.1,54.5,19.8,907.21
12-01-2020,IN,Kolkata,no2,181,8.1,66,21.1,1759.42
13-01-2020,IN,Kolkata,no2,177,9.4,95.7,29,3086.55
14-01-2020,IN,Kolkata,no2,181,2.2,100.2,36.4,4249.06
15-01-2020,IN,Kolkata,no2,192,0.5,102,45,5101.84
16-01-2020,IN,Kolkata,no2,155,0.7,99.6,37.8,3870.85
17-01-2020,IN,Kolkata,no2,173,6,97.9,32.2,3458.56
18-01-2020,IN,Kolkata,no2,179,5.3,78.7,30.1,2538.45
19-01-2020,IN,Kolkata,no2,183,8.2,67.5,23.9,799.16
20-01-2020,IN,Kolkata,no2,174,2.5,72.1,17.3,1368.2
21-01-2020,IN,Kolkata,no2,181,5.9,91.5,24.7,2126.2
22-01-2020,IN,Kolkata,no2,185,1.7,102.6,33.2,3495.41
23-01-2020,IN,Kolkata,no2,170,2.7,71.1,28.7,1428.68
24-01-2020,IN,Kolkata,no2,181,4.4,86,29,2356.4
25-01-2020,IN,Kolkata,no2,183,4.4,97.9,26.5,3013.8
26-01-2020,IN,Kolkata,no2,186,0.4,89.5,31.7,3312.92
27-01-2020,IN,Kolkata,no2,192,0.5,101,30.1,4665.45
28-01-2020,IN,Kolkata,no2,187,5.4,82.3,30.2,2259.58
29-01-2020,IN,Kolkata,no2,187,3.9,106.4,16.6,1382.94
30-01-2020,IN,Kolkata,no2,181,0.1,41.8,17.7,467.66
31-01-2020,IN,Kolkata,no2,238,2.8,57.7,20,1477.71
01-02-2020,IN,Kolkata,no2,222,7.9,74.8,22.5,1874.79
02-02-2020,IN,Kolkata,no2,208,7,79.7,25.3,1960.33
03-02-2020,IN,Kolkata,no2,220,1.5,65.7,24.7,2068.04
04-02-2020,IN,Kolkata,no2,240,4.9,68.8,30.2,2433.89
05-02-2020,IN,Kolkata,no2,232,8.1,70.3,28.6,2176.62
06-02-2020,IN,Kolkata,no2,208,5.6,65.3,25.7,1479.89
07-02-2020,IN,Kolkata,no2,210,5,56.7,24,933.35
08-02-2020,IN,Kolkata,no2,176,1,42.4,25.9,400.29
09-02-2020,IN,Kolkata,no2,192,7.8,60.9,21.8,1604.86
10-02-2020,IN,Kolkata,no2,202,2.1,96,27.6,3425.86
11-02-2020,IN,Kolkata,no2,215,0.6,92.5,31.5,4031.28
12-02-2020,IN,Kolkata,no2,215,1.8,104.3,32,5718.17
13-02-2020,IN,Kolkata,no2,229,4,101.6,31.8,5068.96
14-02-2020,IN,Kolkata,no2,239,5.4,98.6,30,5167.57
15-02-2020,IN,Kolkata,no2,237,3.5,94.9,24.1,3866.94
16-02-2020,IN,Kolkata,no2,240,6.3,83,28.3,3143.64
17-02-2020,IN,Kolkata,no2,233,1.9,83.2,26.9,2851.33
18-02-2020,IN,Kolkata,no2,223,2.2,93.5,22,2415.28
19-02-2020,IN,Kolkata,no2,239,3.2,49.5,18.1,947.43
20-02-2020,IN,Kolkata,no2,239,0.8,52.4,14.4,1263.66
21-02-2020,IN,Kolkata,no2,236,2.2,99.9,22.6,3027.99
22-02-2020,IN,Kolkata,no2,238,4.4,82.7,25.2,2646.04
23-02-2020,IN,Kolkata,no2,237,5.1,64.9,19.1,1636.18
24-02-2020,IN,Kolkata,no2,240,0.5,62.6,25.5,1131.37
25-02-2020,IN,Kolkata,no2,239,2.9,48.8,24.3,786.65
26-02-2020,IN,Kolkata,no2,238,0.2,37.8,16.8,576.15
27-02-2020,IN,Kolkata,no2,235,3.3,62.6,19,1324.88
28-02-2020,IN,Kolkata,no2,238,2.6,61.5,18.7,1580.34
29-02-2020,IN,Kolkata,no2,237,1.7,93,23.9,2440.53
01-03-2020,IN,Kolkata,no2,240,6.3,82.2,24.5,2617.73
02-03-2020,IN,Kolkata,no2,240,3.6,78.6,22.1,2449.29
03-03-2020,IN,Kolkata,no2,78,4.6,52.1,16.8,1471.01
04-03-2020,IN,Kolkata,no2,240,1.6,43,13.6,828.85
05-03-2020,IN,Kolkata,no2,239,0.1,42.8,16.3,827.42
06-03-2020,IN,Kolkata,no2,236,2.4,49.1,14.1,610.92
07-03-2020,IN,Kolkata,no2,240,3.2,31.6,12.3,474.11
08-03-2020,IN,Kolkata,no2,240,3.4,71.6,12.6,1687.23
09-03-2020,IN,Kolkata,no2,240,3.5,55.6,13.9,1433.01
10-03-2020,IN,Kolkata,no2,237,1.8,66.1,15,1425.96
11-03-2020,IN,Kolkata,no2,238,3.4,52.3,13.6,986.25
12-03-2020,IN,Kolkata,no2,238,3.5,45.5,15.6,882.63
13-03-2020,IN,Kolkata,no2,239,3.4,63.8,16.4,1645.18
14-03-2020,IN,Kolkata,no2,220,0.1,29.2,10.8,295.14
15-03-2020,IN,Kolkata,no2,216,0.3,40.2,11.2,820.79
16-03-2020,IN,Kolkata,no2,228,0.4,57.1,15.8,1536.97
17-03-2020,IN,Kolkata,no2,235,2.5,64,13.7,1784.86
18-03-2020,IN,Kolkata,no2,237,0.3,78.6,14.8,2909.37
19-03-2020,IN,Kolkata,no2,235,1.9,88.5,17.8,3056.42
20-03-2020,IN,Kolkata,no2,239,0.2,102.5,12.3,2370.25
21-03-2020,IN,Kolkata,no2,239,0.2,51.6,10.5,916.32
22-03-2020,IN,Kolkata,no2,237,2,38.8,7.1,439.3
23-03-2020,IN,Kolkata,no2,214,2.2,24.3,8.4,203.56
24-03-2020,IN,Kolkata,no2,232,2.1,28.9,6.3,142.81
25-03-2020,IN,Kolkata,no2,238,1.9,23.7,6.6,209.02
26-03-2020,IN,Kolkata,no2,240,1.7,36.9,5.9,298.62
27-03-2020,IN,Kolkata,no2,235,1.9,19.5,6.6,113.68
28-03-2020,IN,Kolkata,no2,222,0.3,23.4,6.9,145
29-03-2020,IN,Kolkata,no2,207,2.6,22.4,6.6,121.24
30-03-2020,IN,Kolkata,no2,205,2.8,21.2,7.5,153.16
31-03-2020,IN,Kolkata,no2,196,3.9,28.9,7.8,248.25
01-04-2020,IN,Kolkata,no2,216,3.4,23.3,6.3,68.31
02-04-2020,IN,Kolkata,no2,216,3.3,16.4,6,65.47
03-04-2020,IN,Kolkata,no2,216,3.3,28.2,6.1,195.23
04-04-2020,IN,Kolkata,no2,217,3.5,22,7.2,116.61
05-04-2020,IN,Kolkata,no2,216,0.4,14.2,5.7,56.11
06-04-2020,IN,Kolkata,no2,232,0.6,32.8,5.5,352.88
07-04-2020,IN,Kolkata,no2,240,0.5,17.6,4.5,86.87
08-04-2020,IN,Kolkata,no2,240,0.6,17.5,4.7,104.66
09-04-2020,IN,Kolkata,no2,239,0.9,15.9,5.3,96.63
10-04-2020,IN,Kolkata,no2,216,0.7,20.8,3.9,88.41
11-04-2020,IN,Kolkata,no2,229,0.5,12.6,3.7,63.08
12-04-2020,IN,Kolkata,no2,240,0.6,9.5,3.7,36.11
13-04-2020,IN,Kolkata,no2,240,0.5,8.3,3.5,36.41
14-04-2020,IN,Kolkata,no2,240,0.2,7.9,2.7,27.87
15-04-2020,IN,Kolkata,no2,240,0.5,13.9,3.9,59.85
16-04-2020,IN,Kolkata,no2,240,1.1,13.7,5.1,82.5
17-04-2020,IN,Kolkata,no2,234,0.9,9.4,4,35.75
18-04-2020,IN,Kolkata,no2,227,0.9,12.7,4.5,50.48
19-04-2020,IN,Kolkata,no2,227,0.9,19.2,3.9,73.47
20-04-2020,IN,Kolkata,no2,225,0.8,8.5,3.7,30.39
21-04-2020,IN,Kolkata,no2,240,1.5,22.5,5.4,106.52
22-04-2020,IN,Kolkata,no2,240,1.1,11.3,5,57.08
23-04-2020,IN,Kolkata,no2,233,0.9,11.7,4.4,49.18
24-04-2020,IN,Kolkata,no2,216,0.9,13.3,3.7,46.51
25-04-2020,IN,Kolkata,no2,201,1.1,12.3,4.2,41.04
26-04-2020,IN,Kolkata,no2,191,1.1,13.9,4.1,36.38
27-04-2020,IN,Kolkata,no2,203,0.6,10.5,4.2,28.87
28-04-2020,IN,Kolkata,no2,225,1.1,17.6,4.4,69.95
29-04-2020,IN,Kolkata,no2,237,1.3,17.8,4.8,92.81
30-04-2020,IN,Kolkata,no2,240,1,13.7,4.5,54.9
01-05-2020,IN,Kolkata,no2,237,1,13,4.1,42.04
02-05-2020,IN,Kolkata,no2,240,1.6,12.1,5,61.29
03-05-2020,IN,Kolkata,no2,240,0.7,17.5,4.6,62.43
04-05-2020,IN,Kolkata,no2,240,1.4,12.8,4.9,60.1
05-05-2020,IN,Kolkata,no2,240,0.9,12.9,4.3,52.26
06-05-2020,IN,Kolkata,no2,199,0.7,17.8,4.3,82.23
07-05-2020,IN,Kolkata,no2,191,0.4,12.3,3.5,47.6
08-05-2020,IN,Kolkata,no2,191,1,8.5,3.4,22.64
09-05-2020,IN,Kolkata,no2,171,0.9,8.1,3.5,21.54
10-05-2020,IN,Kolkata,no2,188,1.1,7.2,3.3,20.35
11-05-2020,IN,Kolkata,no2,171,1.3,20,4.1,61.71
12-05-2020,IN,Kolkata,no2,178,1.1,20.5,4.4,95.97
13-05-2020,IN,Kolkata,no2,189,1.1,12.6,3.6,50.91
14-05-2020,IN,Kolkata,no2,190,0.6,11,3.2,38.26
15-05-2020,IN,Kolkata,no2,192,0.8,10.2,3.2,33.81
16-05-2020,IN,Kolkata,no2,187,0.7,10.6,3.1,37.68
17-05-2020,IN,Kolkata,no2,89,0.6,9.7,2.9,42.05
